{
    "path": {
        "scss/style.scss": {
            "sass.enabled": true,
            "sass.options": {
                "outputDir": "../css/",
                "imagePath": null,
                "sourceComments": false,
                "sourceMap": false,
                "outputStyle": "nested"
            },
            "hirse.outline.enabled": false,
            "useTabChar": false,
            "spaceUnits": 2,
            "themes.theme": "dark-wild-chery",
            "fonts.fontSize": "14px",
            "linting.collapsed": true
        }
    }
}